wall_time,sim_t_h,last_evaluation_time,phase,active_policy,cost,cost_unit,max_cost,consecutive_violations,consecutive_loop_violations,DataAvailable,CostWithinBudget,TargetsMet,ConstraintsSatisfied,PolicyCompliant,ControlLoopsHealthy,reactor_pressure.pi,reactor_pressure.offset,reactor_pressure.output_std,reactor_pressure.evaluated,reactor_pressure.healthy,reactor_pressure.reason,separator_level.pi,separator_level.offset,separator_level.output_std,separator_level.evaluated,separator_level.healthy,separator_level.reason,stripper_level.pi,stripper_level.offset,stripper_level.output_std,stripper_level.evaluated,stripper_level.healthy,stripper_level.reason
2026-10-08T14:38:24+00:00,1.7486111111112903,2026-10-08T14:38:22Z,Compliant,tep-mode1,166.52983960663235,$/h,179,0,0,True,True,True,True,True,True,0.17278164634398885,9.371092394300891,0.012509346264902325,False,True,OutputBelowGate,0.28720962164780206,0.03518942731719271,0.3058194177538856,True,True,,0.2987622325165672,-0.030224947068508097,0.30681254380918593,True,True,
2026-10-08T14:38:36+00:00,1.7813888888890732,2026-10-08T14:38:22Z,Compliant,tep-mode1,166.52983960663235,$/h,179,0,0,True,True,True,True,True,True,0.17278164634398885,9.371092394300891,0.012509346264902325,False,True,OutputBelowGate,0.28720962164780206,0.03518942731719271,0.3058194177538856,True,True,,0.2987622325165672,-0.030224947068508097,0.30681254380918593,True,True,
2026-10-08T14:38:48+00:00,1.815833333333523,2026-10-08T14:38:22Z,Compliant,tep-mode1,166.52983960663235,$/h,179,0,0,True,True,True,True,True,True,0.17278164634398885,9.371092394300891,0.012509346264902325,False,True,OutputBelowGate,0.28720962164780206,0.03518942731719271,0.3058194177538856,True,True,,0.2987622325165672,-0.030224947068508097,0.30681254380918593,True,True,
2026-10-08T14:39:00+00:00,1.8488888888890838,2026-10-08T14:38:52Z,Compliant,tep-mode1,166.61279413433286,$/h,179,0,0,True,True,True,True,True,True,0.2895507833968973,9.338306867035824,0.014427991366632625,False,True,OutputBelowGate,0.31038225859253676,-0.015176925257090612,0.2924719620170323,True,True,,0.22544140301820004,-0.009780155794498858,0.30739371420867645,True,True,
2026-10-08T14:39:12+00:00,1.8819444444446445,2026-10-08T14:38:52Z,Compliant,tep-mode1,166.61279413433286,$/h,179,0,0,True,True,True,True,True,True,0.2895507833968973,9.338306867035824,0.014427991366632625,False,True,OutputBelowGate,0.31038225859253676,-0.015176925257090612,0.2924719620170323,True,True,,0.22544140301820004,-0.009780155794498858,0.30739371420867645,True,True,
2026-10-08T14:39:24+00:00,1.9150000000002052,2026-10-08T14:39:22Z,Compliant,tep-mode1,166.56613385425143,$/h,179,0,0,True,True,True,True,True,True,0.35200700211935065,9.310137649977676,0.014351919442451387,False,True,OutputBelowGate,0.2938555720080369,0.04056197507986468,0.2937356508950734,True,True,,0.23134204431087502,-0.12492677807807642,0.30379180188694793,True,True,
2026-10-08T14:39:36+00:00,1.949444444444655,2026-10-08T14:39:22Z,Compliant,tep-mode1,166.56613385425143,$/h,179,0,0,True,True,True,True,True,True,0.35200700211935065,9.310137649977676,0.014351919442451387,False,True,OutputBelowGate,0.2938555720080369,0.04056197507986468,0.2937356508950734,True,True,,0.23134204431087502,-0.12492677807807642,0.30379180188694793,True,True,
2026-10-08T14:39:49+00:00,1.9825000000002158,2026-10-08T14:39:22Z,Compliant,tep-mode1,166.56613385425143,$/h,179,0,0,True,True,True,True,True,True,0.35200700211935065,9.310137649977676,0.014351919442451387,False,True,OutputBelowGate,0.2938555720080369,0.04056197507986468,0.2937356508950734,True,True,,0.23134204431087502,-0.12492677807807642,0.30379180188694793,True,True,
2026-10-08T14:40:01+00:00,2.0155555555557765,2026-10-08T14:39:52Z,Compliant,tep-mode1,166.53165678942457,$/h,179,0,0,True,True,True,True,True,True,0.29354040065305564,9.27689712806812,0.014474306009787052,False,True,OutputBelowGate,0.32509109512101175,0.07643773181929106,0.29441542597903264,True,True,,0.23379981396029037,-0.11991410451897565,0.30235093890211595,True,True,
2026-10-08T14:40:13+00:00,2.0500000000002263,2026-10-08T14:39:52Z,Compliant,tep-mode1,166.53165678942457,$/h,179,0,0,True,True,True,True,True,True,0.29354040065305564,9.27689712806812,0.014474306009787052,False,True,OutputBelowGate,0.32509109512101175,0.07643773181929106,0.29441542597903264,True,True,,0.23379981396029037,-0.11991410451897565,0.30235093890211595,True,True,
2026-10-08T14:40:25+00:00,2.083055555555787,2026-10-08T14:40:22Z,Compliant,tep-mode1,166.46901116272394,$/h,179,0,0,True,True,True,True,True,True,0.2679723305860501,9.240058270972398,0.01438543041263815,False,True,OutputBelowGate,0.2614495918848615,0.054595950950916766,0.30300307623019296,True,True,,0.29171828061889005,-0.12865421159440635,0.3074494055360156,True,True,
2026-10-08T14:40:37+00:00,2.117500000000237,2026-10-08T14:40:22Z,Compliant,tep-mode1,166.46901116272394,$/h,179,0,0,True,True,True,True,True,True,0.2679723305860501,9.240058270972398,0.01438543041263815,False,True,OutputBelowGate,0.2614495918848615,0.054595950950916766,0.30300307623019296,True,True,,0.29171828061889005,-0.12865421159440635,0.3074494055360156,True,True,
2026-10-08T14:40:49+00:00,2.1505555555557976,2026-10-08T14:40:22Z,Compliant,tep-mode1,166.46901116272394,$/h,179,0,0,True,True,True,True,True,True,0.2679723305860501,9.240058270972398,0.01438543041263815,False,True,OutputBelowGate,0.2614495918848615,0.054595950950916766,0.30300307623019296,True,True,,0.29171828061889005,-0.12865421159440635,0.3074494055360156,True,True,
2026-10-08T14:41:02+00:00,2.1836111111113583,2026-10-08T14:40:52Z,Compliant,tep-mode1,166.63477488332924,$/h,179,0,0,True,True,True,True,True,True,0.31172528688683654,9.18964812090434,0.014361717530046295,False,True,OutputBelowGate,0.17298871802189897,0.06527230397334859,0.2901164115640131,True,True,,0.28668405730574875,-0.03511209078585246,0.30598170917827155,True,True,
2026-10-08T14:41:14+00:00,2.218055555555808,2026-10-08T14:40:52Z,Compliant,tep-mode1,166.63477488332924,$/h,179,0,0,True,True,True,True,True,True,0.31172528688683654,9.18964812090434,0.014361717530046295,False,True,OutputBelowGate,0.17298871802189897,0.06527230397334859,0.2901164115640131,True,True,,0.28668405730574875,-0.03511209078585246,0.30598170917827155,True,True,
2026-10-08T14:41:26+00:00,2.251111111111369,2026-10-08T14:41:22Z,Compliant,tep-mode1,166.70294337611227,$/h,179,0,0,True,True,True,True,True,True,0.3161355667409129,9.169704828120485,0.013858553165537175,False,True,OutputBelowGate,0.26222475143698865,0.05419664607010683,0.29177565199921063,True,True,,0.23532075441359146,-0.06193567761564317,0.30196684134959295,True,True,
2026-10-08T14:41:38+00:00,2.2838888888891518,2026-10-08T14:41:22Z,Compliant,tep-mode1,166.70294337611227,$/h,179,0,0,True,True,True,True,True,True,0.3161355667409129,9.169704828120485,0.013858553165537175,False,True,OutputBelowGate,0.26222475143698865,0.05419664607010683,0.29177565199921063,True,True,,0.23532075441359146,-0.06193567761564317,0.30196684134959295,True,True,
2026-10-08T14:41:50+00:00,2.3183333333336016,2026-10-08T14:41:22Z,Compliant,tep-mode1,166.70294337611227,$/h,179,0,0,True,True,True,True,True,True,0.3161355667409129,9.169704828120485,0.013858553165537175,False,True,OutputBelowGate,0.26222475143698865,0.05419664607010683,0.29177565199921063,True,True,,0.23532075441359146,-0.06193567761564317,0.30196684134959295,True,True,
2026-10-08T14:42:02+00:00,2.3513888888891623,2026-10-08T14:41:53Z,Compliant,tep-mode1,166.59345936510965,$/h,179,0,0,True,True,True,True,True,True,0.3381259827528833,9.13033894216441,0.012753330342660768,False,True,OutputBelowGate,0.2787745881467668,0.07887911345480157,0.30030890121992215,True,True,,0.28005893193354237,-0.04502545025354789,0.3038946851326839,True,True,
2026-10-08T14:42:15+00:00,2.384444444444723,2026-10-08T14:41:53Z,Compliant,tep-mode1,166.59345936510965,$/h,179,0,0,True,True,True,True,True,True,0.3381259827528833,9.13033894216441,0.012753330342660768,False,True,OutputBelowGate,0.2787745881467668,0.07887911345480157,0.30030890121992215,True,True,,0.28005893193354237,-0.04502545025354789,0.3038946851326839,True,True,
2026-10-08T14:42:27+00:00,2.418888888889173,2026-10-08T14:42:23Z,Compliant,tep-mode1,166.60797097388894,$/h,179,0,0,True,True,True,True,True,True,0.30624365271499243,9.07677158859788,0.01187674292834509,False,True,OutputBelowGate,0.27538956590429375,0.1178664901286957,0.3005279788564708,True,True,,0.27924401128882337,-0.018230124936189966,0.30986784060213135,True,True,
2026-10-08T14:42:39+00:00,2.4519444444447336,2026-10-08T14:42:23Z,Compliant,tep-mode1,166.60797097388894,$/h,179,0,0,True,True,True,True,True,True,0.30624365271499243,9.07677158859788,0.01187674292834509,False,True,OutputBelowGate,0.27538956590429375,0.1178664901286957,0.3005279788564708,True,True,,0.27924401128882337,-0.018230124936189966,0.30986784060213135,True,True,
2026-10-08T14:42:51+00:00,2.4850000000002943,2026-10-08T14:42:23Z,Compliant,tep-mode1,166.60797097388894,$/h,179,0,0,True,True,True,True,True,True,0.30624365271499243,9.07677158859788,0.01187674292834509,False,True,OutputBelowGate,0.27538956590429375,0.1178664901286957,0.3005279788564708,True,True,,0.27924401128882337,-0.018230124936189966,0.30986784060213135,True,True,
2026-10-08T14:43:03+00:00,2.519444444444744,2026-10-08T14:42:53Z,Compliant,tep-mode1,166.773802403237,$/h,179,0,0,True,True,True,True,True,True,0.29139256223779375,9.046829477207854,0.012109157353894123,False,True,OutputBelowGate,0.25885309862371664,0.054354894900558316,0.29747159293131326,True,True,,0.22631862970184347,-0.047792210190975695,0.31454097159295263,True,True,
2026-10-08T14:43:15+00:00,2.552500000000305,2026-10-08T14:42:53Z,Compliant,tep-mode1,166.773802403237,$/h,179,0,0,True,True,True,True,True,True,0.29139256223779375,9.046829477207854,0.012109157353894123,False,True,OutputBelowGate,0.25885309862371664,0.054354894900558316,0.29747159293131326,True,True,,0.22631862970184347,-0.047792210190975695,0.31454097159295263,True,True,
2026-10-08T14:43:28+00:00,2.5855555555558656,2026-10-08T14:43:23Z,Compliant,tep-mode1,166.82920067943903,$/h,179,0,0,True,True,True,True,True,True,0.2658218995478512,9.011330396185352,0.012537590639545265,False,True,OutputBelowGate,0.32337010608464023,0.041957749540200144,0.30029113486209896,True,True,,0.14676573347616673,-0.07620096721441343,0.31688744494981985,True,True,
2026-10-08T14:43:40+00:00,2.6200000000003154,2026-10-08T14:43:23Z,Compliant,tep-mode1,166.82920067943903,$/h,179,0,0,True,True,True,True,True,True,0.2658218995478512,9.011330396185352,0.012537590639545265,False,True,OutputBelowGate,0.32337010608464023,0.041957749540200144,0.30029113486209896,True,True,,0.14676573347616673,-0.07620096721441343,0.31688744494981985,True,True,
2026-10-08T14:43:52+00:00,2.653055555555876,2026-10-08T14:43:23Z,Compliant,tep-mode1,166.82920067943903,$/h,179,0,0,True,True,True,True,True,True,0.2658218995478512,9.011330396185352,0.012537590639545265,False,True,OutputBelowGate,0.32337010608464023,0.041957749540200144,0.30029113486209896,True,True,,0.14676573347616673,-0.07620096721441343,0.31688744494981985,True,True,
2026-10-08T14:44:04+00:00,2.686111111111437,2026-10-08T14:43:53Z,Compliant,tep-mode1,166.64984364938843,$/h,179,0,0,True,True,True,True,True,True,0.2858777933192208,8.973121783405816,0.013430581614549476,False,True,OutputBelowGate,0.24168406506455564,0.04256254592833562,0.299187060671647,True,True,,0.25078033155488944,-0.02323906362808304,0.31990302452935054,True,True,
2026-10-08T14:44:16+00:00,2.7188888888892198,2026-10-08T14:43:53Z,Compliant,tep-mode1,166.64984364938843,$/h,179,0,0,True,True,True,True,True,True,0.2858777933192208,8.973121783405816,0.013430581614549476,False,True,OutputBelowGate,0.24168406506455564,0.04256254592833562,0.299187060671647,True,True,,0.25078033155488944,-0.02323906362808304,0.31990302452935054,True,True,
2026-10-08T14:44:28+00:00,2.7533333333336696,2026-10-08T14:44:23Z,Compliant,tep-mode1,166.75041240284804,$/h,179,0,0,True,True,True,True,True,True,0.28612743419695696,8.957991549681024,0.013244986437619758,False,True,OutputBelowGate,0.201836843994729,0.04753734287016771,0.2871880699475799,True,True,,0.20031302356356873,-0.014847958047194349,0.28454212428890663,True,True,
2026-10-08T14:44:41+00:00,2.7863888888892303,2026-10-08T14:44:23Z,Compliant,tep-mode1,166.75041240284804,$/h,179,0,0,True,True,True,True,True,True,0.28612743419695696,8.957991549681024,0.013244986437619758,False,True,OutputBelowGate,0.201836843994729,0.04753734287016771,0.2871880699475799,True,True,,0.20031302356356873,-0.014847958047194349,0.28454212428890663,True,True,
2026-10-08T14:44:53+00:00,2.819444444444791,2026-10-08T14:44:23Z,Compliant,tep-mode1,166.75041240284804,$/h,179,0,0,True,True,True,True,True,True,0.28612743419695696,8.957991549681024,0.013244986437619758,False,True,OutputBelowGate,0.201836843994729,0.04753734287016771,0.2871880699475799,True,True,,0.20031302356356873,-0.014847958047194349,0.28454212428890663,True,True,
2026-10-08T14:45:05+00:00,2.853888888889241,2026-10-08T14:44:54Z,Compliant,tep-mode1,166.81006198120463,$/h,179,0,0,True,True,True,True,True,True,0.2861239627987173,8.947385203009485,0.01303075834261412,False,True,OutputBelowGate,0.23393364697303165,0.0961900432669363,0.2972636991698879,True,True,,0.26853916416384715,-0.04828254688023397,0.2944629986440996,True,True,
2026-10-08T14:45:17+00:00,2.8869444444448016,2026-10-08T14:44:54Z,Compliant,tep-mode1,166.81006198120463,$/h,179,0,0,True,True,True,True,True,True,0.2861239627987173,8.947385203009485,0.01303075834261412,False,True,OutputBelowGate,0.23393364697303165,0.0961900432669363,0.2972636991698879,True,True,,0.26853916416384715,-0.04828254688023397,0.2944629986440996,True,True,
2026-10-08T14:45:29+00:00,2.9200000000003623,2026-10-08T14:45:24Z,Compliant,tep-mode1,166.872773370509,$/h,179,0,0,True,True,True,True,True,True,0.34384746062414084,8.912196209353391,0.013231851154256843,False,True,OutputBelowGate,0.19265810732899635,0.0945031982611054,0.3007032655163054,True,True,,0.24594778871228473,-0.05553410202734381,0.29785633630220215,True,True,
2026-10-08T14:45:41+00:00,2.954444444444812,2026-10-08T14:45:24Z,Compliant,tep-mode1,166.872773370509,$/h,179,0,0,True,True,True,True,True,True,0.34384746062414084,8.912196209353391,0.013231851154256843,False,True,OutputBelowGate,0.19265810732899635,0.0945031982611054,0.3007032655163054,True,True,,0.24594778871228473,-0.05553410202734381,0.29785633630220215,True,True,
2026-10-08T14:45:54+00:00,2.987500000000373,2026-10-08T14:45:24Z,Compliant,tep-mode1,166.872773370509,$/h,179,0,0,True,True,True,True,True,True,0.34384746062414084,8.912196209353391,0.013231851154256843,False,True,OutputBelowGate,0.19265810732899635,0.0945031982611054,0.3007032655163054,True,True,,0.24594778871228473,-0.05553410202734381,0.29785633630220215,True,True,
2026-10-08T14:46:06+00:00,3.0219444444448227,2026-10-08T14:45:54Z,Compliant,tep-mode1,166.85226073687826,$/h,179,0,0,True,True,True,True,True,True,0.3276750540914686,8.890164622584928,0.01236234702053803,False,True,OutputBelowGate,0.19655641473822905,0.16805673567628657,0.30943993100082495,True,True,,0.18206125518152372,-0.02632163493934636,0.32333571266318,True,True,
2026-10-08T14:46:18+00:00,3.0550000000003834,2026-10-08T14:45:54Z,Compliant,tep-mode1,166.85226073687826,$/h,179,0,0,True,True,True,True,True,True,0.3276750540914686,8.890164622584928,0.01236234702053803,False,True,OutputBelowGate,0.19655641473822905,0.16805673567628657,0.30943993100082495,True,True,,0.18206125518152372,-0.02632163493934636,0.32333571266318,True,True,
2026-10-08T14:46:30+00:00,3.088055555555944,2026-10-08T14:46:24Z,Compliant,tep-mode1,166.90737156878737,$/h,179,0,0,True,True,True,True,True,True,0.27740357433677487,8.867919600323267,0.012410770369357558,False,True,OutputBelowGate,0.16607686210556438,0.10912017998243849,0.3178869682309516,True,True,,0.3478811960912773,-0.045218623393894625,0.3131145566655946,True,True,
2026-10-08T14:46:42+00:00,3.121111111111505,2026-10-08T14:46:24Z,Compliant,tep-mode1,166.90737156878737,$/h,179,0,0,True,True,True,True,True,True,0.27740357433677487,8.867919600323267,0.012410770369357558,False,True,OutputBelowGate,0.16607686210556438,0.10912017998243849,0.3178869682309516,True,True,,0.3478811960912773,-0.045218623393894625,0.3131145566655946,True,True,
2026-10-08T14:46:54+00:00,3.155277777778177,2026-10-08T14:46:54Z,Compliant,tep-mode1,167.01519688373287,$/h,179,0,0,True,True,True,True,True,True,0.28010886900392395,8.812654168030395,0.013255912922348146,False,True,OutputBelowGate,0.20274142385376737,0.0822375977038961,0.30061530977806544,True,True,,0.3182242317532603,-0.04985455020426024,0.2990266948546387,True,True,
2026-10-08T14:47:07+00:00,3.1883333333337376,2026-10-08T14:46:54Z,Compliant,tep-mode1,167.01519688373287,$/h,179,0,0,True,True,True,True,True,True,0.28010886900392395,8.812654168030395,0.013255912922348146,False,True,OutputBelowGate,0.20274142385376737,0.0822375977038961,0.30061530977806544,True,True,,0.3182242317532603,-0.04985455020426024,0.2990266948546387,True,True,
2026-10-08T14:47:19+00:00,3.2213888888892983,2026-10-08T14:46:54Z,Compliant,tep-mode1,167.01519688373287,$/h,179,0,0,True,True,True,True,True,True,0.28010886900392395,8.812654168030395,0.013255912922348146,False,True,OutputBelowGate,0.20274142385376737,0.0822375977038961,0.30061530977806544,True,True,,0.3182242317532603,-0.04985455020426024,0.2990266948546387,True,True,
2026-10-08T14:47:31+00:00,3.255833333333748,2026-10-08T14:47:24Z,Compliant,tep-mode1,166.9864201325147,$/h,179,0,0,True,True,True,True,True,True,0.32348668658378144,8.767279862970664,0.013872524674100483,False,True,OutputBelowGate,0.3101813401033645,0.1297537561880122,0.31110146195510713,True,True,,0.316414711420677,-0.08229625304241525,0.312716368350167,True,True,
2026-10-08T14:47:43+00:00,3.288888888889309,2026-10-08T14:47:24Z,Compliant,tep-mode1,166.9864201325147,$/h,179,0,0,True,True,True,True,True,True,0.32348668658378144,8.767279862970664,0.013872524674100483,False,True,OutputBelowGate,0.3101813401033645,0.1297537561880122,0.31110146195510713,True,True,,0.316414711420677,-0.08229625304241525,0.312716368350167,True,True,
2026-10-08T14:47:55+00:00,3.3219444444448696,2026-10-08T14:47:55Z,Compliant,tep-mode1,166.93493244825936,$/h,179,0,0,True,True,True,True,True,True,0.3659391416815144,8.746178778131537,0.013248415101608032,False,True,OutputBelowGate,0.3193702945806294,0.09851442587524906,0.307368695426109,True,True,,0.34425980138621914,-0.10552992125339188,0.31497746015174416,True,True,
2026-10-08T14:48:07+00:00,3.3563888888893194,2026-10-08T14:47:55Z,Compliant,tep-mode1,166.93493244825936,$/h,179,0,0,True,True,True,True,True,True,0.3659391416815144,8.746178778131537,0.013248415101608032,False,True,OutputBelowGate,0.3193702945806294,0.09851442587524906,0.307368695426109,True,True,,0.34425980138621914,-0.10552992125339188,0.31497746015174416,True,True,
2026-10-08T14:48:20+00:00,3.38944444444488,2026-10-08T14:47:55Z,Compliant,tep-mode1,166.93493244825936,$/h,179,0,0,True,True,True,True,True,True,0.3659391416815144,8.746178778131537,0.013248415101608032,False,True,OutputBelowGate,0.3193702945806294,0.09851442587524906,0.307368695426109,True,True,,0.34425980138621914,-0.10552992125339188,0.31497746015174416,True,True,
2026-10-08T14:48:32+00:00,3.422500000000441,2026-10-08T14:48:25Z,Compliant,tep-mode1,166.87606004242892,$/h,179,0,0,True,True,True,True,True,True,0.2842004102363014,8.718540682216814,0.01410929726605031,False,True,OutputBelowGate,0.2697812920723518,0.1118487786174821,0.3130115795266418,True,True,,0.29975965472742183,-0.06310261372175546,0.3318156710275659,True,True,
2026-10-08T14:48:44+00:00,3.4569444444448907,2026-10-08T14:48:25Z,Compliant,tep-mode1,166.87606004242892,$/h,179,0,0,True,True,True,True,True,True,0.2842004102363014,8.718540682216814,0.01410929726605031,False,True,OutputBelowGate,0.2697812920723518,0.1118487786174821,0.3130115795266418,True,True,,0.29975965472742183,-0.06310261372175546,0.3318156710275659,True,True,
2026-10-08T14:48:56+00:00,3.4897222222226736,2026-10-08T14:48:55Z,Compliant,tep-mode1,166.90494910038905,$/h,179,0,0,True,True,True,True,True,True,0.2516217729581559,8.722883159084926,0.014694279802464663,False,True,OutputBelowGate,0.26975404235045075,0.09186492605108268,0.3074908695384426,True,True,,0.24423730158799073,-0.051392437685471345,0.3139464220502452,True,True,
2026-10-08T14:49:08+00:00,3.5227777777782343,2026-10-08T14:48:55Z,Compliant,tep-mode1,166.90494910038905,$/h,179,0,0,True,True,True,True,True,True,0.2516217729581559,8.722883159084926,0.014694279802464663,False,True,OutputBelowGate,0.26975404235045075,0.09186492605108268,0.3074908695384426,True,True,,0.24423730158799073,-0.051392437685471345,0.3139464220502452,True,True,
2026-10-08T14:49:20+00:00,3.557222222222684,2026-10-08T14:48:55Z,Compliant,tep-mode1,166.90494910038905,$/h,179,0,0,True,True,True,True,True,True,0.2516217729581559,8.722883159084926,0.014694279802464663,False,True,OutputBelowGate,0.26975404235045075,0.09186492605108268,0.3074908695384426,True,True,,0.24423730158799073,-0.051392437685471345,0.3139464220502452,True,True,
2026-10-08T14:49:33+00:00,3.590277777778245,2026-10-08T14:49:25Z,Compliant,tep-mode1,166.91708907966134,$/h,179,0,0,True,True,True,True,True,True,0.26329177677931326,8.678078871493296,0.014838103338643539,False,True,OutputBelowGate,0.35805949466373954,0.08813309724283587,0.30929705792885287,True,True,,0.2694920123908827,-0.03385179571394382,0.3210019200890228,True,True,
2026-10-08T14:49:45+00:00,3.6233333333338056,2026-10-08T14:49:25Z,Compliant,tep-mode1,166.91708907966134,$/h,179,0,0,True,True,True,True,True,True,0.26329177677931326,8.678078871493296,0.014838103338643539,False,True,OutputBelowGate,0.35805949466373954,0.08813309724283587,0.30929705792885287,True,True,,0.2694920123908827,-0.03385179571394382,0.3210019200890228,True,True,
2026-10-08T14:49:57+00:00,3.6563888888893663,2026-10-08T14:49:55Z,Compliant,tep-mode1,166.87561952763213,$/h,179,0,0,True,True,True,True,True,True,0.32725742105667666,8.643342512870765,0.014390849244147083,False,True,OutputBelowGate,0.3978750547069745,0.05903326041254528,0.3090734416414099,True,True,,0.19217949689660518,-0.038484530816409804,0.3117422945761975,True,True,
2026-10-08T14:50:09+00:00,3.690833333333816,2026-10-08T14:49:55Z,Compliant,tep-mode1,166.87561952763213,$/h,179,0,0,True,True,True,True,True,True,0.32725742105667666,8.643342512870765,0.014390849244147083,False,True,OutputBelowGate,0.3978750547069745,0.05903326041254528,0.3090734416414099,True,True,,0.19217949689660518,-0.038484530816409804,0.3117422945761975,True,True,
2026-10-08T14:50:21+00:00,3.723888888889377,2026-10-08T14:49:55Z,Compliant,tep-mode1,166.87561952763213,$/h,179,0,0,True,True,True,True,True,True,0.32725742105667666,8.643342512870765,0.014390849244147083,False,True,OutputBelowGate,0.3978750547069745,0.05903326041254528,0.3090734416414099,True,True,,0.19217949689660518,-0.038484530816409804,0.3117422945761975,True,True,
2026-10-08T14:50:33+00:00,3.758055555556049,2026-10-08T14:50:25Z,Compliant,tep-mode1,166.90108947941283,$/h,179,0,0,True,True,True,True,True,True,0.2580843135980606,8.60364347750103,0.014508306741095723,False,True,OutputBelowGate,0.2890726091588325,0.09515731564293395,0.3077764367387321,True,True,,0.2083805377573955,-0.03162479237969317,0.3231207726947449,True,True,
2026-10-08T14:50:45+00:00,3.7911111111116096,2026-10-08T14:50:25Z,Compliant,tep-mode1,166.90108947941283,$/h,179,0,0,True,True,True,True,True,True,0.2580843135980606,8.60364347750103,0.014508306741095723,False,True,OutputBelowGate,0.2890726091588325,0.09515731564293395,0.3077764367387321,True,True,,0.2083805377573955,-0.03162479237969317,0.3231207726947449,True,True,
2026-10-08T14:50:58+00:00,3.8241666666671703,2026-10-08T14:50:55Z,Compliant,tep-mode1,166.79996614057993,$/h,179,0,0,True,True,True,True,True,True,0.3791685887124858,8.557183153237254,0.012256940251065196,False,True,OutputBelowGate,0.3014279542501689,0.116875955583486,0.3243765803964888,True,True,,0.34819610318708794,0.001118832849112626,0.3230723373628985,True,True,
2026-10-08T14:51:10+00:00,3.85861111111162,2026-10-08T14:50:55Z,Compliant,tep-mode1,166.79996614057993,$/h,179,0,0,True,True,True,True,True,True,0.3791685887124858,8.557183153237254,0.012256940251065196,False,True,OutputBelowGate,0.3014279542501689,0.116875955583486,0.3243765803964888,True,True,,0.34819610318708794,0.001118832849112626,0.3230723373628985,True,True,
2026-10-08T14:51:22+00:00,3.891666666667181,2026-10-08T14:50:55Z,Compliant,tep-mode1,166.79996614057993,$/h,179,0,0,True,True,True,True,True,True,0.3791685887124858,8.557183153237254,0.012256940251065196,False,True,OutputBelowGate,0.3014279542501689,0.116875955583486,0.3243765803964888,True,True,,0.34819610318708794,0.001118832849112626,0.3230723373628985,True,True,
2026-10-08T14:51:34+00:00,3.9247222222227416,2026-10-08T14:51:26Z,Compliant,tep-mode1,166.73959330487745,$/h,179,0,0,True,True,True,True,True,True,0.38344194947119103,8.52991212253537,0.011983632586176404,False,True,OutputBelowGate,0.225762130705513,0.11314943361333976,0.33027122857005986,True,True,,0.31535607798389675,-0.0057223505266872365,0.3169586012369125,True,True,
2026-10-08T14:51:46+00:00,3.9577777777783023,2026-10-08T14:51:26Z,Compliant,tep-mode1,166.73959330487745,$/h,179,0,0,True,True,True,True,True,True,0.38344194947119103,8.52991212253537,0.011983632586176404,False,True,OutputBelowGate,0.225762130705513,0.11314943361333976,0.33027122857005986,True,True,,0.31535607798389675,-0.0057223505266872365,0.3169586012369125,True,True,
2026-10-08T14:51:58+00:00,3.992222222222752,2026-10-08T14:51:56Z,Compliant,tep-mode1,166.6290898819602,$/h,179,0,0,True,True,True,True,True,True,0.259863655517234,8.50854954542519,0.011844984620462976,False,True,OutputBelowGate,0.17296648776403523,0.060512872273388134,0.3219071077562883,True,True,,0.31046345140693377,0.044532207363285274,0.3299266550376856,True,True,
2026-10-08T14:52:11+00:00,4.025000000000535,2026-10-08T14:51:56Z,Compliant,tep-mode1,166.6290898819602,$/h,179,0,0,True,True,True,True,True,True,0.259863655517234,8.50854954542519,0.011844984620462976,False,True,OutputBelowGate,0.17296648776403523,0.060512872273388134,0.3219071077562883,True,True,,0.31046345140693377,0.044532207363285274,0.3299266550376856,True,True,
2026-10-08T14:52:23+00:00,4.058055555556096,2026-10-08T14:51:56Z,Compliant,tep-mode1,166.6290898819602,$/h,179,0,0,True,True,True,True,True,True,0.259863655517234,8.50854954542519,0.011844984620462976,False,True,OutputBelowGate,0.17296648776403523,0.060512872273388134,0.3219071077562883,True,True,,0.31046345140693377,0.044532207363285274,0.3299266550376856,True,True,
2026-10-08T14:52:35+00:00,4.092500000000546,2026-10-08T14:52:26Z,Compliant,tep-mode1,166.76424290738683,$/h,179,0,0,True,True,True,True,True,True,0.34539161424754716,8.47604445780086,0.012319633420350569,False,True,OutputBelowGate,0.31779165661506137,0.04391504383787146,0.3076131020663032,True,True,,0.19253874531701753,-0.10251930319345026,0.3212137685073304,True,True,
2026-10-08T14:52:47+00:00,4.125555555556106,2026-10-08T14:52:26Z,Compliant,tep-mode1,166.76424290738683,$/h,179,0,0,True,True,True,True,True,True,0.34539161424754716,8.47604445780086,0.012319633420350569,False,True,OutputBelowGate,0.31779165661506137,0.04391504383787146,0.3076131020663032,True,True,,0.19253874531701753,-0.10251930319345026,0.3212137685073304,True,True,
2026-10-08T14:52:59+00:00,4.158611111111667,2026-10-08T14:52:56Z,Compliant,tep-mode1,167.00998929589403,$/h,179,0,0,True,True,True,True,True,True,0.3077255605709267,8.436795031182994,0.012194110401741728,False,True,OutputBelowGate,0.26547637468044205,0.026370593115556958,0.3111285515762594,True,True,,0.25986944510923016,-0.05595718450332958,0.3199522586708398,True,True,
2026-10-08T14:53:11+00:00,4.193055555556117,2026-10-08T14:52:56Z,Compliant,tep-mode1,167.00998929589403,$/h,179,0,0,True,True,True,True,True,True,0.3077255605709267,8.436795031182994,0.012194110401741728,False,True,OutputBelowGate,0.26547637468044205,0.026370593115556958,0.3111285515762594,True,True,,0.25986944510923016,-0.05595718450332958,0.3199522586708398,True,True,
2026-10-08T14:53:24+00:00,4.226111111111678,2026-10-08T14:52:56Z,Compliant,tep-mode1,167.00998929589403,$/h,179,0,0,True,True,True,True,True,True,0.3077255605709267,8.436795031182994,0.012194110401741728,False,True,OutputBelowGate,0.26547637468044205,0.026370593115556958,0.3111285515762594,True,True,,0.25986944510923016,-0.05595718450332958,0.3199522586708398,True,True,
2026-10-08T14:53:36+00:00,4.260555555556127,2026-10-08T14:53:26Z,Compliant,tep-mode1,166.89184452744192,$/h,179,0,0,True,True,True,True,True,True,0.2747042461036261,8.415232666266773,0.012243394737127085,False,True,OutputBelowGate,0.2801830707454387,-0.0009991808419069059,0.3054493880123443,True,True,,0.29662362449969526,-0.0256382578859521,0.31120533294062025,True,True,
2026-10-08T14:53:48+00:00,4.293611111111688,2026-10-08T14:53:26Z,Compliant,tep-mode1,166.89184452744192,$/h,179,0,0,True,True,True,True,True,True,0.2747042461036261,8.415232666266773,0.012243394737127085,False,True,OutputBelowGate,0.2801830707454387,-0.0009991808419069059,0.3054493880123443,True,True,,0.29662362449969526,-0.0256382578859521,0.31120533294062025,True,True,
2026-10-08T14:54:00+00:00,4.326388888889471,2026-10-08T14:53:56Z,Compliant,tep-mode1,166.8740466557236,$/h,179,0,0,True,True,True,True,True,True,0.3550089181380639,8.382380918081214,0.013303724325255213,False,True,OutputBelowGate,0.21797162232895417,0.08654422337972342,0.33508929532138554,True,True,,0.25157585510999814,0.03887638069613279,0.29508597289475047,True,True,
2026-10-08T14:54:12+00:00,4.360833333333921,2026-10-08T14:53:56Z,Compliant,tep-mode1,166.8740466557236,$/h,179,0,0,True,True,True,True,True,True,0.3550089181380639,8.382380918081214,0.013303724325255213,False,True,OutputBelowGate,0.21797162232895417,0.08654422337972342,0.33508929532138554,True,True,,0.25157585510999814,0.03887638069613279,0.29508597289475047,True,True,
2026-10-08T14:54:24+00:00,4.394166666667259,2026-10-08T14:53:56Z,Compliant,tep-mode1,166.8740466557236,$/h,179,0,0,True,True,True,True,True,True,0.3550089181380639,8.382380918081214,0.013303724325255213,False,True,OutputBelowGate,0.21797162232895417,0.08654422337972342,0.33508929532138554,True,True,,0.25157585510999814,0.03887638069613279,0.29508597289475047,True,True,
2026-10-08T14:54:37+00:00,4.426944444445042,2026-10-08T14:54:27Z,Compliant,tep-mode1,166.99549892513386,$/h,179,0,0,True,True,True,True,True,True,0.34137724758732524,8.334842275799273,0.014095555425125516,False,True,OutputBelowGate,0.2525732888305723,0.06734937614970081,0.33177837302258517,True,True,,0.2397393818185668,0.09144837356269586,0.2948388459464334,True,True,
2026-10-08T14:54:49+00:00,4.461388888889492,2026-10-08T14:54:27Z,Compliant,tep-mode1,166.99549892513386,$/h,179,0,0,True,True,True,True,True,True,0.34137724758732524,8.334842275799273,0.014095555425125516,False,True,OutputBelowGate,0.2525732888305723,0.06734937614970081,0.33177837302258517,True,True,,0.2397393818185668,0.09144837356269586,0.2948388459464334,True,True,
2026-10-08T14:55:01+00:00,4.494444444445053,2026-10-08T14:54:57Z,Compliant,tep-mode1,167.01850163112508,$/h,179,0,0,True,True,True,True,True,True,0.3265769718022977,8.293081553581782,0.013963797477612016,False,True,OutputBelowGate,0.28916651294438034,0.09621578383460912,0.31833535486206477,True,True,,0.18595316831094877,0.07542036398771317,0.2920871225125428,True,True,
2026-10-08T14:55:13+00:00,4.527500000000614,2026-10-08T14:54:57Z,Compliant,tep-mode1,167.01850163112508,$/h,179,0,0,True,True,True,True,True,True,0.3265769718022977,8.293081553581782,0.013963797477612016,False,True,OutputBelowGate,0.28916651294438034,0.09621578383460912,0.31833535486206477,True,True,,0.18595316831094877,0.07542036398771317,0.2920871225125428,True,True,
2026-10-08T14:55:25+00:00,4.560555555556174,2026-10-08T14:54:57Z,Compliant,tep-mode1,167.01850163112508,$/h,179,0,0,True,True,True,True,True,True,0.3265769718022977,8.293081553581782,0.013963797477612016,False,True,OutputBelowGate,0.28916651294438034,0.09621578383460912,0.31833535486206477,True,True,,0.18595316831094877,0.07542036398771317,0.2920871225125428,True,True,
2026-10-08T14:55:37+00:00,4.595000000000624,2026-10-08T14:55:27Z,Compliant,tep-mode1,167.0588742355533,$/h,179,0,0,True,True,True,True,True,True,0.34861454604315645,8.251422789733732,0.014075700216831199,False,True,OutputBelowGate,0.2129514375270255,0.039206947972012456,0.30921535435437014,True,True,,0.2505925801902683,-0.03956836695245985,0.289701112999116,True,True,
2026-10-08T14:55:50+00:00,4.628055555556185,2026-10-08T14:55:27Z,Compliant,tep-mode1,167.0588742355533,$/h,179,0,0,True,True,True,True,True,True,0.34861454604315645,8.251422789733732,0.014075700216831199,False,True,OutputBelowGate,0.2129514375270255,0.039206947972012456,0.30921535435437014,True,True,,0.2505925801902683,-0.03956836695245985,0.289701112999116,True,True,
2026-10-08T14:56:02+00:00,4.662500000000635,2026-10-08T14:55:57Z,Compliant,tep-mode1,167.00714630069984,$/h,179,0,0,True,True,True,True,True,True,0.3505485930892549,8.210880292701772,0.01362849076295948,False,True,OutputBelowGate,0.1788466684445541,0.02986121528654593,0.3066056902664722,True,True,,0.2889775777982564,-0.04590089075516408,0.2925477404975924,True,True,
2026-10-08T14:56:14+00:00,4.695555555556195,2026-10-08T14:55:57Z,Compliant,tep-mode1,167.00714630069984,$/h,179,0,0,True,True,True,True,True,True,0.3505485930892549,8.210880292701772,0.01362849076295948,False,True,OutputBelowGate,0.1788466684445541,0.02986121528654593,0.3066056902664722,True,True,,0.2889775777982564,-0.04590089075516408,0.2925477404975924,True,True,
2026-10-08T14:56:26+00:00,4.728611111111756,2026-10-08T14:55:57Z,Compliant,tep-mode1,167.00714630069984,$/h,179,0,0,True,True,True,True,True,True,0.3505485930892549,8.210880292701772,0.01362849076295948,False,True,OutputBelowGate,0.1788466684445541,0.02986121528654593,0.3066056902664722,True,True,,0.2889775777982564,-0.04590089075516408,0.2925477404975924,True,True,
2026-10-08T14:56:38+00:00,4.763055555556206,2026-10-08T14:56:27Z,Compliant,tep-mode1,166.83888951287724,$/h,179,0,0,True,True,True,True,True,True,0.3080285155139586,8.184253197960711,0.01338485514473785,False,True,OutputBelowGate,0.15192277011452893,0.01775735356094581,0.298076240092286,True,True,,0.2565421587969908,-0.07553715644242393,0.2864711710130113,True,True,
2026-10-08T14:56:51+00:00,4.796111111111767,2026-10-08T14:56:27Z,Compliant,tep-mode1,166.83888951287724,$/h,179,0,0,True,True,True,True,True,True,0.3080285155139586,8.184253197960711,0.01338485514473785,False,True,OutputBelowGate,0.15192277011452893,0.01775735356094581,0.298076240092286,True,True,,0.2565421587969908,-0.07553715644242393,0.2864711710130113,True,True,
2026-10-08T14:57:03+00:00,4.8305555555562165,2026-10-08T14:56:57Z,Compliant,tep-mode1,167.09252346597023,$/h,179,0,0,True,True,True,True,True,True,0.3696369493258883,8.155008530577753,0.012238375630581097,False,True,OutputBelowGate,0.26292426612819164,0.08530402200017681,0.29307522544750964,True,True,,0.1653195559917523,0.016054584774068324,0.2830067145150774,True,True,
2026-10-08T14:57:15+00:00,4.863333333333999,2026-10-08T14:56:57Z,Compliant,tep-mode1,167.09252346597023,$/h,179,0,0,True,True,True,True,True,True,0.3696369493258883,8.155008530577753,0.012238375630581097,False,True,OutputBelowGate,0.26292426612819164,0.08530402200017681,0.29307522544750964,True,True,,0.1653195559917523,0.016054584774068324,0.2830067145150774,True,True,
2026-10-08T14:57:27+00:00,4.89638888888956,2026-10-08T14:56:57Z,Compliant,tep-mode1,167.09252346597023,$/h,179,0,0,True,True,True,True,True,True,0.3696369493258883,8.155008530577753,0.012238375630581097,False,True,OutputBelowGate,0.26292426612819164,0.08530402200017681,0.29307522544750964,True,True,,0.1653195559917523,0.016054584774068324,0.2830067145150774,True,True,
2026-10-08T14:57:39+00:00,4.929444444445121,2026-10-08T14:57:27Z,Compliant,tep-mode1,167.18927380510644,$/h,179,0,0,True,True,True,True,True,True,0.3439169982147787,8.122789035000858,0.012757666959853356,False,True,OutputBelowGate,0.3029395127735516,0.12621978202793505,0.2941701122332929,True,True,,0.20452635554395604,0.039277385060230284,0.29684528571480995,True,True,
2026-10-08T14:57:51+00:00,4.963888888889571,2026-10-08T14:57:27Z,Compliant,tep-mode1,167.18927380510644,$/h,179,0,0,True,True,True,True,True,True,0.3439169982147787,8.122789035000858,0.012757666959853356,False,True,OutputBelowGate,0.3029395127735516,0.12621978202793505,0.2941701122332929,True,True,,0.20452635554395604,0.039277385060230284,0.29684528571480995,True,True,
2026-10-08T14:58:04+00:00,4.996944444445131,2026-10-08T14:57:58Z,Compliant,tep-mode1,167.0895260788552,$/h,179,0,0,True,True,True,True,True,True,0.36289168235245617,8.084980649804049,0.012388438889494242,False,True,OutputBelowGate,0.30239785601772473,0.08099067958882385,0.30111626772868366,True,True,,0.24906691746623444,0.03406432578521328,0.305754445516612,True,True,
2026-10-08T14:58:16+00:00,5.030000000000692,2026-10-08T14:57:58Z,Compliant,tep-mode1,167.0895260788552,$/h,179,0,0,True,True,True,True,True,True,0.36289168235245617,8.084980649804049,0.012388438889494242,False,True,OutputBelowGate,0.30239785601772473,0.08099067958882385,0.30111626772868366,True,True,,0.24906691746623444,0.03406432578521328,0.305754445516612,True,True,
2026-10-08T14:58:28+00:00,5.064444444445142,2026-10-08T14:58:28Z,Compliant,tep-mode1,167.06949467106966,$/h,179,0,0,True,True,True,True,True,True,0.29399212149912723,8.056536670666652,0.012168666662173148,False,True,OutputBelowGate,0.2668868770149303,0.06908107305161769,0.2949503159151214,True,True,,0.2815539698364513,-0.0173183777292896,0.30058447344768524,True,True,
